t	zoom	rot	act	bright	sat	cut	onset	low	mid	high	rms	beatRank
0.000	0.0000	0.0000	0.0000	0.2765	0.4045	0.0000	0.0000	8.0048	6.8850	2.8458	0.1495	0
0.067	0.4678	-0.0074	0.1315	0.2792	0.4206	0.1439	4.9454	9.4478	6.0615	0.7055	0.1807	0
0.133	0.1652	0.8220	0.1278	0.2774	0.4512	0.1044	4.9448	9.4506	7.9695	5.6632	0.1439	0
0.200	0.1483	-0.1530	0.1215	0.2824	0.4729	0.1145	1.8882	9.9890	7.1986	3.2175	0.1720	0
0.267	-0.5930	0.8355	0.1300	0.2990	0.4620	0.1409	1.7792	10.1887	7.7085	7.1953	0.1888	0
0.333	-0.2959	1.0835	0.1247	0.3191	0.4398	0.0941	0.6342	10.3682	9.0300	3.5045	0.2239	0
0.400	-0.0529	0.1383	0.1200	0.2707	0.4700	0.2054	3.1471	10.4410	8.6121	5.2568	0.2301	0
0.467	-0.0239	-0.1753	0.1217	0.2833	0.4702	0.0941	0.2843	10.3723	8.5483	5.4655	0.2596	2
0.533	-0.0867	-0.3485	0.1356	0.3234	0.4343	0.2157	8.6839	10.8808	8.4845	4.3060	0.2727	0
0.600	0.1675	0.4603	0.1445	0.3162	0.4172	0.2365	0.4245	9.5214	6.3123	3.0679	0.1417	0
0.667	-0.2957	-0.3085	0.1179	0.3274	0.3885	0.1529	1.0978	10.2701	6.7028	1.6722	0.1986	0
0.733	-0.0364	-2.9630	0.1428	0.3367	0.3455	0.2186	2.0545	10.6326	8.9285	7.1165	0.2438	0
0.800	0.2298	-0.1156	0.1190	0.3194	0.3301	0.1044	8.0313	10.6237	8.3764	6.4257	0.2364	0
0.867	1.3041	-0.1935	0.1173	0.3183	0.3339	0.1037	0.2401	10.5564	6.9005	2.4043	0.2234	0
0.933	0.1139	-0.1239	0.1274	0.3689	0.3345	0.2218	1.8032	10.4737	7.5458	3.4040	0.2277	0
1.000	-0.1626	-0.8182	0.1248	0.3520	0.3367	0.1400	5.9604	11.1701	9.9156	6.9582	0.2950	1
1.067	-1.3951	-0.5778	0.1192	0.3366	0.3349	0.1603	0.0597	9.2086	6.2530	0.3500	0.1712	0
1.133	-0.1498	-0.0902	0.1150	0.3408	0.3552	0.1265	2.6394	9.5124	6.8247	2.2697	0.1450	0
1.200	-0.0139	-0.4976	0.1189	0.3240	0.3568	0.1461	7.8497	10.1593	7.9635	5.4298	0.2005	0
1.267	0.4211	-0.5128	0.1224	0.3185	0.3651	0.1044	8.2842	10.4298	8.2922	6.1325	0.2222	0
1.333	0.4092	-0.4614	0.1134	0.3208	0.3593	0.1453	0.6004	10.4071	8.4187	2.8282	0.2066	0
1.400	-0.9310	-0.4903	0.1098	0.3346	0.3400	0.1127	1.6618	10.2185	9.1266	6.5904	0.2027	0
1.467	-0.4704	-0.9056	0.1220	0.3587	0.3107	0.1672	0.0572	9.9875	8.4271	4.7502	0.2415	4
1.533	0.0713	-0.1221	0.1110	0.3653	0.3078	0.0882	9.8521	10.9869	8.6717	4.9608	0.2818	0
1.600	0.0611	-0.2172	0.1122	0.3505	0.3080	0.1103	0.0229	8.6796	7.5353	5.0988	0.1153	0
1.667	-0.2310	-0.2276	0.1208	0.3478	0.2894	0.0895	0.1841	9.6330	7.5252	1.3536	0.1473	0
1.733	-1.5503	-0.0733	0.1248	0.3629	0.2916	0.1100	2.6139	9.9956	8.5357	6.9711	0.1900	0
1.800	-0.2233	-0.0588	0.1210	0.3555	0.3066	0.1370	1.8118	10.1330	9.4446	6.4091	0.2153	0
1.867	0.6054	-0.0923	0.1176	0.3642	0.3132	0.0809	0.4495	10.2744	8.8309	3.3994	0.2099	0
1.933	0.4201	-0.0471	0.1144	0.3551	0.3319	0.1056	0.2179	10.3287	8.1934	2.9116	0.2092	0
2.000	-0.0098	-0.1786	0.1124	0.3505	0.3316	0.1284	2.1389	11.2314	10.0525	6.5937	0.3006	1
2.067	-0.0805	-0.1261	0.1062	0.3411	0.3349	0.0922	0.0495	9.3524	5.7296	0.5996	0.1711	0
2.133	-0.1598	-2.0556	0.1069	0.3435	0.3164	0.0929	1.8424	9.7558	6.5488	1.2842	0.1502	0
2.200	-0.2068	-0.2045	0.1106	0.3679	0.3011	0.1255	3.1863	10.3971	7.9506	6.4111	0.2161	0
2.267	-0.0996	-0.1451	0.1055	0.3440	0.2963	0.0983	5.4078	10.5868	8.5128	6.2760	0.2419	0
2.333	-0.0012	-0.1278	0.0968	0.3457	0.2934	0.0512	0.3101	10.5741	8.2416	2.5647	0.2279	0
2.400	0.0780	-0.1202	0.1037	0.3582	0.2786	0.1142	1.2404	10.4882	7.4093	5.5492	0.2215	0
2.467	-0.4466	-0.1197	0.1027	0.3452	0.2898	0.1245	2.6370	10.2796	8.9333	4.7894	0.2615	2
2.533	-0.9109	-0.0775	0.1004	0.3423	0.3005	0.0843	9.7609	10.9865	8.7826	4.8756	0.2798	0
2.600	-0.2458	-0.0671	0.0902	0.3405	0.3014	0.0691	0.0163	9.1105	5.8346	4.7365	0.1289	0
2.667	-0.3083	-0.0753	0.0939	0.3272	0.3159	0.1017	3.2832	9.9796	7.7321	2.1790	0.1669	0
2.733	0.0116	-0.0797	0.0920	0.3235	0.3157	0.0605	0.3630	10.1512	7.8464	6.7908	0.1982	0
2.800	-0.1230	-0.0737	0.0908	0.3246	0.3076	0.0564	1.9032	10.3347	8.1928	6.1589	0.2097	0
2.867	-0.8195	-0.0689	0.0926	0.3283	0.2928	0.0605	1.3235	10.2651	8.6164	5.0321	0.2040	0
2.933	-0.1930	-0.0801	0.0906	0.3339	0.2900	0.0471	0.3219	10.2844	8.1775	2.0229	0.2074	0
3.000	-0.1507	-0.1010	0.0857	0.3379	0.2830	0.0358	1.7735	11.1211	10.1795	6.5980	0.2933	1
3.067	-0.2239	-0.1317	0.0867	0.3395	0.2644	0.0495	0.0572	9.5219	6.4966	1.2591	0.1772	0
3.133	0.3676	-0.1384	0.0855	0.3439	0.2519	0.0284	0.9982	9.2278	6.9125	1.0763	0.1189	0
3.200	-0.1879	-0.1177	0.0908	0.3414	0.2579	0.0890	2.3804	9.9659	7.0169	4.8230	0.1684	0
3.267	-1.3474	-0.0850	0.0904	0.3405	0.2378	0.0755	8.3337	10.3138	8.1105	6.6032	0.2080	0
3.333	-0.2132	-0.0900	0.0822	0.3380	0.2471	0.0662	0.3071	10.4367	7.9621	2.2902	0.2147	0
3.400	-0.1944	-0.0864	0.0843	0.3337	0.2699	0.1005	0.5002	10.1957	7.6686	3.6359	0.1938	0
3.467	-0.4804	-0.0973	0.0904	0.3305	0.2426	0.0885	2.9447	10.0348	8.3673	5.8005	0.2324	16
3.533	0.0689	-0.1073	0.0806	0.3316	0.2270	0.0586	9.2722	10.9906	8.7491	5.3175	0.2763	0
3.600	-0.2887	-0.0909	0.0846	0.3367	0.2188	0.1015	0.0225	8.7114	6.1994	4.0751	0.1152	0
3.667	-0.3995	-0.1139	0.0864	0.3373	0.1977	0.0956	2.2582	9.7037	7.4909	4.4069	0.1530	0
3.733	-0.0227	-0.1104	0.0778	0.3350	0.1917	0.0672	1.3614	10.3404	7.8344	6.8126	0.2039	0
3.800	-0.1700	-0.1131	0.0778	0.3315	0.2026	0.0586	1.8499	10.4871	7.5069	4.5036	0.2145	0
3.867	-0.2140	-0.1589	0.0774	0.3334	0.2193	0.0515	2.1980	10.4160	8.1941	5.4060	0.2091	0
3.933	0.0687	-0.1816	0.0808	0.3303	0.2472	0.0841	1.1903	10.4181	8.6593	2.6227	0.2286	0
4.000	-0.5034	-0.1395	0.0827	0.3287	0.2211	0.1025	0.4166	10.9876	9.9917	6.7899	0.2964	1
4.067	-0.1922	-0.1445	0.0739	0.3280	0.2142	0.0355	0.1090	9.6104	6.4095	2.4217	0.1890	0
4.133	-0.1300	-0.1226	0.0779	0.3266	0.2279	0.0953	2.9421	10.1398	7.3472	1.1849	0.1794	0
4.200	-0.0844	-0.1030	0.0774	0.3216	0.2275	0.0784	0.6023	10.5753	7.7295	3.4361	0.2226	0
4.267	0.0029	-0.1345	0.0678	0.3170	0.2475	0.0387	9.5846	10.5335	7.4965	6.9096	0.2274	0
4.333	0.0034	-0.1318	0.0724	0.3130	0.2813	0.1225	0.6862	10.5372	8.1097	2.9829	0.2217	0
4.400	-0.1657	-0.1272	0.0801	0.3124	0.2676	0.0598	0.2598	10.5648	8.0134	2.5638	0.2266	0
4.467	-0.0689	-0.1978	0.0711	0.3141	0.2620	0.0424	2.4190	10.5117	7.6902	6.0974	0.2497	2
4.533	0.0166	-0.1809	0.0721	0.3137	0.2777	0.0613	10.5280	10.9911	8.8686	5.4315	0.2694	0
4.600	-0.1189	-0.1443	0.0753	0.3080	0.2744	0.0635	0.0272	9.1592	6.6355	2.0535	0.1245	0
4.667	0.0209	-0.1772	0.0646	0.3017	0.2920	0.0336	3.1679	10.0757	7.6072	4.7154	0.1837	0
4.733	-0.0691	-0.1671	0.0674	0.2961	0.3206	0.0801	1.7491	10.3482	8.7316	6.7255	0.2189	0
4.800	-0.2054	-0.1865	0.0728	0.2922	0.3045	0.0868	2.5424	10.3097	8.6091	3.3648	0.2157	0
4.867	-0.1427	-0.1878	0.0631	0.2922	0.3075	0.0279	1.2906	10.0598	8.0464	6.0194	0.1813	0
4.933	0.0015	-0.1324	0.0662	0.2932	0.3336	0.0990	1.4505	9.9396	8.2006	4.2270	0.1807	0
5.000	-0.0944	-0.1792	0.0731	0.2867	0.3219	0.0733	1.1591	11.1220	10.0288	6.5963	0.3008	1
5.067	-0.0430	-0.1703	0.0623	0.2834	0.3165	0.0275	0.1082	9.8687	6.4665	2.9112	0.1995	0
5.133	-0.1135	-0.2362	0.0658	0.2805	0.3303	0.0855	3.9710	8.6151	6.8995	1.6565	0.0888	0
5.200	-0.0812	-0.2088	0.0670	0.2766	0.3225	0.0728	1.1910	9.3896	7.4418	2.8006	0.1348	0
5.267	-0.0560	-0.2417	0.0605	0.2730	0.3429	0.0346	9.6975	9.6446	7.9599	6.9143	0.1548	0
5.333	0.0378	-0.1959	0.0602	0.2681	0.3664	0.0493	0.6493	9.7498	8.7412	4.4015	0.1705	0
5.400	-0.0222	-0.1983	0.0660	0.2607	0.3676	0.0620	0.6030	9.8945	8.6975	2.8259	0.1858	0
5.467	-0.0191	-0.1679	0.0569	0.2559	0.3717	0.0556	0.9511	9.9522	8.6217	4.6869	0.2255	4
5.533	-0.0928	-0.2002	0.0625	0.2527	0.3569	0.0735	12.2487	11.0201	8.9086	5.8418	0.2818	0
5.600	-0.0775	-0.1698	0.0550	0.2494	0.3636	0.0466	0.0379	8.2795	6.2983	3.8125	0.1077	0
5.667	-0.0825	-0.1607	0.0568	0.2443	0.3718	0.0422	1.9294	9.1393	7.1536	4.2562	0.1224	0
5.733	-0.0225	-0.1693	0.0532	0.2384	0.3672	0.0505	2.1499	9.7940	8.1615	6.5921	0.1612	0
5.800	-0.0285	-0.1225	0.0514	0.2288	0.3654	0.0444	3.0388	9.8523	8.2932	3.2741	0.1756	0
5.867	-0.0588	-0.1693	0.0546	0.2270	0.3770	0.0434	0.6062	9.9148	8.1520	4.6239	0.1753	0
5.933	-0.0281	-0.1525	0.0484	0.2256	0.3704	0.0279	2.0783	9.9976	7.9222	4.4243	0.1781	0
6.000	-0.0432	-0.1733	0.0465	0.2229	0.3873	0.0451	1.4721	11.0491	9.9929	6.5043	0.2939	1
6.067	-0.0093	-0.1623	0.0436	0.2191	0.3980	0.0441	0.1087	9.9583	6.3816	1.9675	0.2000	0
6.133	0.0023	-0.1687	0.0493	0.2186	0.4224	0.1069	3.3410	9.6200	7.6173	3.0017	0.1409	0
6.200	-0.0490	-0.2078	0.0504	0.2124	0.4126	0.0468	0.9568	10.3502	7.8187	2.2612	0.2032	0
6.267	-0.0596	-0.2409	0.0491	0.2104	0.4104	0.0510	8.2284	10.6592	8.3013	6.6828	0.2439	0
6.333	-0.0445	-0.1653	0.0418	0.2112	0.4161	0.0576	0.2617	10.6746	8.1196	5.9186	0.2414	0
6.400	-0.0837	-0.2450	0.0464	0.2063	0.3949	0.0390	1.1120	10.6877	7.6783	2.9548	0.2393	0
6.467	-0.0298	-0.1846	0.0414	0.1983	0.4020	0.0728	0.6673	10.5827	7.7674	4.6575	0.2604	2
6.533	-0.0139	-0.2217	0.0411	0.1918	0.4240	0.0400	12.1186	11.1331	9.1208	5.8010	0.2876	0
6.600	-0.0351	-0.1865	0.0402	0.1857	0.4585	0.0645	0.0247	8.9412	5.5933	0.9626	0.1234	0
6.667	-0.0326	-0.2146	0.0416	0.1812	0.4657	0.0600	4.7868	9.8392	6.4667	2.7906	0.1587	0
6.733	-0.0008	-0.1673	0.0377	0.1831	0.4715	0.0603	2.9535	10.2237	7.3920	6.4237	0.1991	0
6.800	-0.0266	-0.2084	0.0384	0.1852	0.4730	0.0574	3.5390	10.4507	8.0587	3.6177	0.2154	0
6.867	0.0208	-0.2083	0.0397	0.1875	0.4740	0.0775	0.2119	10.2780	8.5089	4.7991	0.2058	0
6.933	0.0108	-0.2011	0.0397	0.1910	0.4412	0.0625	0.7716	10.1202	8.6537	5.7543	0.1939	0
7.000	-0.0466	-0.2074	0.0380	0.1968	0.4114	0.0792	1.5232	10.9247	10.0324	6.4003	0.2937	1
7.067	-0.0327	-0.2096	0.0366	0.2003	0.4074	0.1218	0.1857	9.8381	6.5326	1.9701	0.1970	0
7.133	-0.0194	-0.2067	0.0367	0.2055	0.4378	0.1346	1.9993	9.4077	6.8139	4.3181	0.1231	0
7.200	-0.0475	-0.1953	0.0350	0.2010	0.5075	0.2083	1.4375	10.1866	8.0339	1.8367	0.1962	0
7.267	0.0087	-0.2090	0.0325	0.1890	0.5939	0.1679	9.7683	10.5330	8.3477	6.9398	0.2332	0
7.333	-0.0114	-0.1961	0.0303	0.1756	0.6802	0.1691	0.4611	10.6280	8.0286	4.8171	0.2347	0
7.400	-0.0694	-0.1815	0.0341	0.1637	0.7425	0.1600	1.6335	10.5770	7.9445	4.1906	0.2323	0
7.467	-0.0112	-0.1486	0.0356	0.1468	0.7768	0.1275	1.1843	10.4998	9.4265	6.9555	0.2777	8
7.533	-0.0052	-0.1050	0.0307	0.1308	0.7926	0.1725	13.7165	11.1005	9.1248	6.1032	0.2790	0
7.600	0.0076	-0.1408	0.0287	0.1211	0.7905	0.1863	0.0326	9.2598	6.3955	3.7402	0.1492	0
7.667	0.0457	-0.1745	0.0253	0.1184	0.7680	0.1299	1.7855	10.2311	6.9489	2.8238	0.1904	0
7.733	0.0002	-0.2071	0.0266	0.1229	0.7251	0.1365	2.3887	10.5358	7.9197	6.2875	0.2217	0
7.800	-0.0253	-0.2257	0.0301	0.1364	0.6680	0.1664	3.2143	10.5527	7.8247	4.8767	0.2306	0
7.867	0.0235	-0.2312	0.0322	0.1507	0.6035	0.1292	0.5230	10.5582	7.6884	3.8466	0.2246	0
7.933	0.0047	-0.1986	0.0375	0.1670	0.5421	0.1255	0.7908	10.5381	7.7779	4.6108	0.2191	0
8.000	0.0209	-0.2214	0.0394	0.1819	0.4805	0.1081	6.9284	11.2241	9.6410	6.2752	0.2846	1
8.067	0.0327	-0.1828	0.0384	0.1936	0.4563	0.1012	0.1839	9.9853	6.6821	1.8663	0.2055	0
8.133	0.0254	-0.2155	0.0386	0.2042	0.4371	0.1010	2.4052	9.9910	6.6525	4.2322	0.1693	0
8.200	0.0086	-0.1665	0.0385	0.2151	0.4450	0.0718	1.1921	10.5151	7.0969	2.3917	0.2142	0
8.267	0.0603	-0.1905	0.0388	0.2182	0.4294	0.0564	8.2127	10.5453	7.9312	6.9651	0.2314	0
8.333	0.0329	-0.1812	0.0364	0.2187	0.4316	0.0463	0.7090	10.4745	7.9055	4.6213	0.2207	0
8.400	0.0464	-0.1839	0.0373	0.2211	0.4310	0.0436	1.8335	10.4232	7.4718	5.8050	0.2148	0
8.467	0.0399	-0.1498	0.0387	0.2239	0.4368	0.0755	0.6142	10.3813	9.6449	6.9851	0.2911	2
8.533	-0.0199	-0.1263	0.0404	0.2257	0.3941	0.0882	3.4381	10.5883	7.8395	2.7563	0.2540	0
8.600	-0.0031	-0.1316	0.0385	0.2321	0.3738	0.0890	0.0337	8.4871	6.1535	2.9264	0.1219	0
8.667	0.0171	-0.1345	0.0403	0.2383	0.3544	0.0789	3.1743	9.8176	7.4497	3.1668	0.1636	0
8.733	0.0137	-0.0831	0.0425	0.2450	0.3711	0.0912	0.9049	10.2083	8.1841	6.3939	0.1998	0
8.800	0.0513	-0.0758	0.0464	0.2522	0.3565	0.0532	3.7780	10.2539	8.5500	4.5493	0.2065	0
8.867	0.0147	-0.0607	0.0425	0.2619	0.3636	0.0605	0.6842	10.1856	8.1123	2.6757	0.2006	0
8.933	0.0196	-0.0546	0.0418	0.2693	0.3632	0.0483	3.6954	10.1510	8.4928	3.5307	0.1961	0
9.000	0.0383	-0.0696	0.0451	0.2773	0.3918	0.0804	8.0870	11.3898	9.7232	6.2798	0.2929	1
9.067	0.0737	-0.0591	0.0458	0.2842	0.3712	0.0767	0.2521	10.1333	6.9301	1.5348	0.2156	0
9.133	0.0565	-0.0674	0.0463	0.2898	0.3661	0.0718	2.2882	9.0443	6.1689	1.6790	0.1122	0
9.200	0.0329	-0.0852	0.0488	0.2956	0.3494	0.0527	4.2377	9.8266	6.9434	3.7877	0.1630	0
9.267	0.0301	-0.0746	0.0524	0.3014	0.3423	0.0424	8.8340	10.2474	8.3924	6.9461	0.1952	0
9.333	-0.0433	-0.0464	0.0476	0.3061	0.3531	0.0490	0.3368	10.3630	8.5159	5.2125	0.2086	0
9.400	-0.0021	-0.0559	0.0496	0.3121	0.3632	0.0522	0.6306	10.2817	8.5446	5.4238	0.2110	0
9.467	0.0640	-0.0424	0.0551	0.3240	0.3888	0.1002	1.2435	10.2714	9.3877	6.4564	0.2765	4
9.533	0.0955	-0.0582	0.0550	0.3314	0.3670	0.0792	4.6590	10.5654	7.9120	3.6804	0.2546	0
9.600	0.0522	-0.0381	0.0583	0.3371	0.3554	0.0407	0.0353	8.6949	6.2648	4.5925	0.1257	0
9.667	0.0744	-0.0384	0.0564	0.3464	0.3882	0.0755	0.7134	9.6564	6.8850	3.2457	0.1448	0
9.733	0.0176	-0.0421	0.0580	0.3537	0.3784	0.0703	2.1447	10.2507	7.8124	5.8996	0.1947	0
9.800	0.2303	-0.0629	0.0610	0.3623	0.3590	0.0449	5.2675	10.3686	7.9312	4.2563	0.2111	0
9.867	0.1829	-0.0485	0.0592	0.3711	0.3780	0.1086	1.1305	10.5326	8.1186	4.6302	0.2199	0
9.933	0.2505	-0.0455	0.0626	0.3739	0.3803	0.0623	1.2884	10.2966	7.6760	4.5701	0.2053	0
10.000	-0.1326	-0.0744	0.0652	0.3739	0.4004	0.1125	4.1247	11.2826	9.8649	6.2870	0.2941	1
10.067	0.0952	-0.0514	0.0630	0.3797	0.4273	0.1191	0.0703	8.7661	5.6262	2.4947	0.1467	0
10.133	-0.1851	-0.0793	0.0635	0.3877	0.4009	0.0787	2.6141	9.3463	6.9578	1.6682	0.1212	0
10.200	0.0777	-0.0593	0.0674	0.3934	0.3864	0.0684	1.5263	9.6918	7.5563	4.9025	0.1553	0
10.267	0.3281	-0.0465	0.0720	0.4006	0.3683	0.0868	6.5394	9.8933	8.1539	7.0724	0.1711	0
10.333	-0.0147	-0.0248	0.0692	0.4036	0.3666	0.0618	0.4890	9.7948	8.1670	4.4659	0.1651	0
10.400	-0.0414	-0.0396	0.0652	0.4052	0.3642	0.0446	0.9778	9.5892	8.5463	2.9767	0.1539	0
10.467	0.1765	-0.0209	0.0698	0.4156	0.3437	0.0676	2.5810	9.7465	9.2884	6.5198	0.2522	2
10.533	0.0178	-0.0128	0.0707	0.4258	0.3522	0.0708	5.2168	10.8217	7.9572	3.0157	0.2703	0
10.600	0.4611	-0.0168	0.0727	0.4311	0.3267	0.0853	0.0640	8.8647	7.6127	4.4833	0.1126	0
10.667	0.2449	-0.0188	0.0711	0.4294	0.3431	0.0471	2.2499	9.5176	7.7412	3.3959	0.1436	0
10.733	-0.0972	-0.0352	0.0749	0.4281	0.3473	0.0635	1.5647	9.9904	8.5806	5.6994	0.1905	0
10.800	-0.0336	-0.0439	0.0772	0.4271	0.3580	0.0485	5.1062	10.1778	8.6723	5.0642	0.2030	0
10.867	0.1155	-0.0092	0.0702	0.4413	0.3451	0.0865	0.8664	10.2300	8.0540	4.3593	0.1951	0
10.933	0.1388	-0.0183	0.0723	0.4553	0.3468	0.0973	0.6257	9.9723	8.3613	4.8499	0.1859	0
11.000	0.8728	-0.0147	0.0787	0.4524	0.3208	0.0713	3.6552	11.4481	9.7865	6.3042	0.3002	1
11.067	0.6346	-0.0063	0.0722	0.4370	0.3020	0.1534	0.0664	8.9883	6.3660	2.6106	0.1440	0
11.133	-0.1464	-0.0115	0.0766	0.4181	0.3397	0.1667	3.3017	8.2078	7.7988	2.5005	0.0905	0
11.200	0.0974	0.0032	0.0803	0.3968	0.3618	0.1593	2.7150	8.4637	9.0373	4.4388	0.1335	0
11.267	0.3883	0.0018	0.0771	0.3904	0.3839	0.0789	5.2707	8.7652	9.7679	7.1294	0.1742	0
11.333	0.4200	-0.0070	0.0826	0.4118	0.3642	0.1505	0.3009	9.2518	9.4844	2.3382	0.1725	0
11.400	2.3636	-0.0171	0.0844	0.4333	0.3353	0.2233	1.4916	9.3250	9.2155	4.0526	0.1621	0
11.467	0.7558	-0.0310	0.0833	0.4534	0.2967	0.2208	1.7551	9.5454	9.3619	6.6247	0.2532	16
11.533	-0.7764	-0.0316	0.0828	0.4713	0.2948	0.1301	5.5876	10.8463	7.9664	3.9977	0.2798	0
11.600	0.7100	-0.0129	0.0829	0.4732	0.2962	0.0777	0.0711	8.1291	6.3660	3.4612	0.0840	0
11.667	0.7129	-0.0127	0.0835	0.4681	0.3228	0.0669	1.0455	9.0012	7.0733	4.5156	0.1166	0
11.733	0.2562	-0.0004	0.0844	0.4669	0.3226	0.0748	2.4006	10.0122	8.2423	5.4412	0.1862	0
11.800	1.5959	-0.0018	0.0841	0.4695	0.3395	0.0946	5.5596	10.4453	8.8370	5.4756	0.2257	0
11.867	0.2344	0.0065	0.0900	0.4757	0.3277	0.1395	0.6258	10.4100	8.8578	3.2804	0.2278	0
11.933	-0.0606	0.0119	0.0879	0.4798	0.3248	0.1113	2.1699	10.5447	8.1349	4.9416	0.2315	0
12.000	1.6295	0.0014	0.0898	0.4771	0.3363	0.0686	3.7129	11.3722	9.9074	6.5028	0.3035	1
12.067	0.5652	-0.0047	0.0912	0.4721	0.3728	0.1672	0.0581	9.2143	6.0816	3.6186	0.1617	0
12.133	2.4027	-0.0065	0.0988	0.4776	0.3538	0.1049	3.0888	9.6844	8.0069	2.1381	0.1559	0
12.200	2.1543	-0.0127	0.0931	0.4836	0.3578	0.0880	1.9016	10.0907	8.1695	1.6299	0.1849	0
12.267	0.2917	-0.0176	0.0959	0.4864	0.3572	0.0765	6.0276	10.1428	8.7416	7.2236	0.2003	0
12.333	-0.1369	-0.0288	0.0971	0.4897	0.3403	0.0870	0.3444	9.8937	9.3554	2.1700	0.2008	0
12.400	2.0233	-0.0175	0.0949	0.4890	0.3379	0.0625	1.8387	9.7318	9.3737	5.1479	0.1986	0
12.467	0.5551	-0.0015	0.0885	0.4890	0.3301	0.0870	1.0514	9.8928	9.4588	6.0509	0.2628	2
12.533	2.1938	-0.0057	0.0985	0.4911	0.3561	0.1610	6.0435	10.7843	8.0900	3.5780	0.2729	0
12.600	0.6641	0.0081	0.0995	0.4960	0.3388	0.1002	0.0053	8.5260	7.5559	1.2345	0.1046	0
12.667	0.0240	-0.0080	0.0995	0.4926	0.3579	0.0944	2.7711	9.2101	7.7180	4.9430	0.1309	0
12.733	0.5252	-0.0049	0.1015	0.4921	0.3529	0.1049	2.3490	9.4944	8.1992	5.4159	0.1526	0
12.800	2.3506	-0.0170	0.1063	0.4992	0.3620	0.1314	7.0969	9.6351	8.9627	4.6868	0.1746	0
12.867	0.8608	-0.0152	0.1034	0.4982	0.3418	0.1022	0.6473	9.7189	8.5281	3.7870	0.1640	0
12.933	2.2351	-0.0250	0.1046	0.4940	0.3464	0.0826	0.9697	9.9435	8.5809	4.6944	0.1837	0
13.000	1.5490	-0.0132	0.1102	0.4951	0.3528	0.1120	3.3832	11.3285	9.8866	6.5677	0.2945	1
13.067	1.8322	-0.0635	0.1097	0.4877	0.3491	0.0777	0.0721	9.5129	6.1430	2.3900	0.1695	0
13.133	1.5610	-0.0659	0.1119	0.4911	0.3492	0.1103	3.9253	9.8343	6.8499	3.6729	0.1568	0
13.200	2.1782	-0.0706	0.1123	0.4961	0.3416	0.0897	1.1819	10.2872	7.3310	1.5190	0.2004	0
13.267	1.6630	-0.0276	0.1093	0.4961	0.3551	0.0637	8.5439	10.5419	8.6384	7.3649	0.2409	0
13.333	1.7206	-0.0253	0.1116	0.4930	0.3745	0.0924	0.5222	10.7471	8.3286	2.5762	0.2559	0
13.400	1.6155	-0.0234	0.1119	0.4951	0.3733	0.0782	1.6918	10.6941	8.4407	5.1038	0.2480	0
13.467	0.3296	-0.0173	0.1069	0.4947	0.3742	0.0691	0.3954	10.5409	8.9027	5.6179	0.2754	4
13.533	2.0844	-0.0221	0.1154	0.5011	0.3814	0.1346	7.3265	10.7966	8.2713	4.4208	0.2640	0
13.600	2.3669	-0.0398	0.1149	0.5005	0.3757	0.0772	0.0572	9.0698	6.1916	3.4761	0.1097	0
13.667	2.1428	-0.0298	0.1145	0.5019	0.3692	0.1061	0.9065	9.7537	8.4860	4.6079	0.1655	0
13.733	0.6227	-0.0508	0.1158	0.4978	0.3715	0.0735	4.7150	9.9230	8.2098	5.4340	0.1744	0
13.800	2.0055	-0.1160	0.1273	0.4982	0.3825	0.0934	6.8522	9.8691	8.2313	4.2629	0.1777	0
13.867	-0.7064	-0.1413	0.1187	0.5031	0.3706	0.1252	1.7639	10.0171	8.0276	5.0691	0.1866	0
13.933	2.5133	-0.2180	0.1206	0.5009	0.3844	0.1115	0.8131	10.1968	8.2820	2.4883	0.2033	0
14.000	2.1994	-0.2884	0.1173	0.4958	0.3946	0.1238	8.5554	11.2234	9.9408	6.5372	0.2943	1
14.067	2.0397	-0.5434	0.1235	0.4948	0.4066	0.0944	0.0724	9.2019	5.4663	0.3926	0.1649	0
14.133	-1.4257	-0.5235	0.1321	0.4924	0.4268	0.1630	8.1103	9.6826	7.3647	4.9766	0.1556	0
14.200	1.1969	-0.4951	0.1349	0.4963	0.4201	0.1172	0.2889	10.2423	7.7589	2.5934	0.1926	0
14.267	0.1341	-0.4615	0.1258	0.5021	0.4486	0.1422	5.0014	10.3082	8.7664	7.2554	0.2148	0
14.333	2.2861	-0.4525	0.1331	0.5001	0.4496	0.1164	0.6527	10.2519	8.7824	3.6853	0.2113	0
14.400	1.8275	-0.4155	0.1303	0.4966	0.4608	0.1130	0.4928	10.0673	8.5731	3.4295	0.1977	0
14.467	0.4646	-0.3808	0.1223	0.5047	0.4578	0.1250	4.3258	9.9425	8.7763	5.4300	0.2495	2
14.533	0.5666	-0.3935	0.1217	0.5033	0.4642	0.0988	7.9866	10.8451	8.2867	4.2327	0.2744	0
14.600	2.1828	-0.4761	0.1288	0.4964	0.4695	0.0980	0.2691	7.7648	6.1446	3.5871	0.0742	0
14.667	-1.2028	-0.5308	0.1282	0.4893	0.4636	0.1488	2.6138	8.8596	6.8510	1.8782	0.1135	0
14.733	2.6413	-0.6198	0.1287	0.4797	0.4549	0.1559	9.7025	9.6830	8.5338	7.1764	0.1704	0
14.800	1.8031	-0.7025	0.1232	0.4734	0.4431	0.1336	4.8962	9.8933	8.4590	4.3080	0.1849	0
14.867	-1.5009	-0.5800	0.1230	0.4829	0.4478	0.1174	0.2519	10.0294	8.1765	5.6176	0.1864	0
14.933	-2.2240	-0.4412	0.1257	0.4967	0.4671	0.1534	0.2196	10.1636	7.7750	2.6512	0.1861	0
15.000	0.4268	-0.4087	0.1249	0.5028	0.4611	0.1527	1.6063	11.2774	9.9478	6.4770	0.2967	1
15.067	-0.9206	-0.3860	0.1271	0.5062	0.4488	0.0946	0.1376	9.4996	6.2473	0.6322	0.1805	0
15.133	-1.0269	-0.3950	0.1312	0.5040	0.4503	0.1353	2.3186	9.3263	6.9649	4.4436	0.1299	0
15.200	0.1714	-0.3322	0.1405	0.5069	0.4530	0.1681	3.5006	10.1520	7.3920	3.6836	0.1861	0
15.267	-0.8604	-0.3826	0.1393	0.5131	0.4412	0.1343	2.3364	10.3214	7.6126	7.2049	0.2005	0
15.333	-1.8305	-0.3819	0.1370	0.5107	0.4574	0.1265	0.5624	10.2151	8.3729	5.2934	0.1979	0
15.400	-0.0830	-0.3957	0.1273	0.4964	0.4519	0.1208	0.1574	10.1314	7.8874	2.7348	0.1879	0
15.467	0.4380	-0.4565	0.1274	0.4799	0.4430	0.1135	3.2862	10.1650	8.5854	5.6388	0.2487	8
15.533	1.0798	-0.5124	0.1373	0.4719	0.4338	0.1255	8.0093	10.9741	8.4665	4.6621	0.2854	0
15.600	-0.3323	-0.5315	0.1340	0.4732	0.4158	0.1593	0.1281	8.8580	6.6905	5.1359	0.1181	0
15.667	-1.9856	-0.6810	0.1391	0.4747	0.4295	0.1049	1.0045	9.7910	7.3584	2.9065	0.1582	0
15.733	-2.7144	-0.7234	0.1455	0.4796	0.4157	0.0980	2.5257	10.2405	7.8118	7.1549	0.1969	0
15.800	0.5510	-0.5494	0.1353	0.4761	0.4168	0.0838	7.8985	10.2780	8.3676	4.9058	0.2051	0
15.867	-2.1882	-0.5284	0.1506	0.4752	0.4253	0.1569	0.3288	10.0982	8.6617	4.6720	0.1976	0
15.933	1.2567	-0.4451	0.1446	0.4711	0.4189	0.1049	3.0373	10.0255	8.4152	3.7625	0.1870	0
16.000	-1.4188	-0.4032	0.1491	0.4819	0.4172	0.1029	0.6741	11.2030	10.0302	6.5356	0.2916	1
16.067	-2.3020	-0.4258	0.1598	0.4884	0.4076	0.0784	0.1428	9.5928	6.1277	1.3718	0.1768	0
16.133	-2.3801	-0.4402	0.1663	0.4924	0.4037	0.0951	1.9718	9.0094	6.6300	2.6967	0.1100	0
16.200	-0.2494	-0.4570	0.1587	0.4906	0.3891	0.1272	3.1560	9.7603	7.5872	5.1490	0.1595	0
16.267	-0.4405	-0.4125	0.1604	0.4904	0.3893	0.0912	9.3530	10.3603	8.3387	6.1805	0.2031	0
16.333	0.7863	-0.4889	0.1602	0.4944	0.3670	0.1289	0.4947	10.2162	8.2150	5.7872	0.1992	0
16.400	-1.7969	-0.4839	0.1602	0.4900	0.3574	0.1098	1.6910	10.1485	8.2853	3.3111	0.1984	0
16.467	-2.1844	-0.5801	0.1633	0.4880	0.3470	0.0779	1.6267	10.1594	8.7065	5.8835	0.2552	2
16.533	2.4462	-0.5331	0.1631	0.4802	0.3322	0.1189	8.7097	10.9907	8.6027	4.5435	0.2868	0
16.600	0.9029	-0.5313	0.1503	0.4711	0.3406	0.0897	0.0293	8.7565	6.6645	3.9471	0.1127	0
16.667	-2.0380	-0.5129	0.1589	0.4731	0.3521	0.1571	2.4579	9.5496	7.4046	3.7225	0.1409	0
16.733	-1.6049	-0.4478	0.1567	0.4686	0.3161	0.2326	1.6421	10.3121	7.6490	6.9920	0.2025	0
16.800	-0.6804	-0.4583	0.1460	0.4783	0.3118	0.1083	1.5479	10.4036	8.0458	4.6777	0.2145	0
16.867	-2.3845	-0.4345	0.1574	0.4916	0.3049	0.0907	0.4219	10.4264	8.1374	3.6925	0.2166	0
16.933	-1.2658	-0.4213	0.1539	0.4901	0.2970	0.0868	1.6745	10.4246	8.0357	5.2236	0.2211	0
17.000	0.1934	-0.4293	0.1569	0.4861	0.3088	0.1096	1.3742	11.1417	10.0747	6.7023	0.2991	1
17.067	-0.4060	-0.4095	0.1576	0.4903	0.2803	0.1309	0.0682	9.3329	6.1918	2.5328	0.1732	0
17.133	-2.2838	-0.4265	0.1572	0.4850	0.2815	0.1238	2.8511	9.4890	6.9850	2.4613	0.1354	0
17.200	-0.4210	-0.4341	0.1546	0.4820	0.2825	0.0777	2.5138	10.1017	8.8092	5.3858	0.1961	0
17.267	-2.3556	-0.4749	0.1630	0.4826	0.2801	0.0784	9.5565	10.4828	9.1271	6.3355	0.2346	0
17.333	2.3158	-0.4783	0.1520	0.4848	0.2819	0.0961	0.3976	10.5382	8.9992	4.5451	0.2412	0
17.400	0.6099	-0.4693	0.1510	0.4830	0.2822	0.1167	1.1936	10.5459	8.7128	4.5344	0.2324	0
17.467	-0.5152	-0.3941	0.1475	0.4741	0.2898	0.0978	1.1993	10.4123	8.9395	5.3195	0.2620	4
17.533	-2.4682	-0.4111	0.1491	0.4863	0.2978	0.1480	9.8269	10.9780	8.4735	5.1856	0.2751	0
17.600	-0.1012	-0.4180	0.1411	0.4725	0.3169	0.1343	0.0216	8.8724	6.9750	4.1354	0.1177	0
17.667	-2.2203	-0.4176	0.1451	0.4683	0.3040	0.0971	1.1187	9.9560	7.0081	5.0192	0.1714	0
17.733	-0.1100	-0.3988	0.1478	0.4798	0.3098	0.1081	2.5144	10.4451	7.9755	6.8417	0.2204	0
17.800	0.8035	-0.3925	0.1470	0.4734	0.3008	0.1390	1.8242	10.4804	7.8851	5.5380	0.2222	0
17.867	-1.7086	-0.4048	0.1509	0.5006	0.2923	0.1444	0.3834	10.0899	7.9902	3.6425	0.1981	0
17.933	-1.7141	-0.4307	0.1529	0.5051	0.3041	0.1642	1.1968	9.3766	9.0153	5.5419	0.1773	0
18.000	-0.1516	-0.4461	0.1517	0.4824	0.3299	0.1196	1.5935	11.1813	10.0119	6.5719	0.2946	1
18.067	-0.9052	-0.4477	0.1540	0.4951	0.3318	0.1797	0.1517	9.7634	6.4601	2.4099	0.1866	0
18.133	1.7512	-0.4584	0.1515	0.4998	0.3405	0.1426	4.7798	8.8633	7.3237	2.5814	0.1075	0
18.200	-0.4445	-0.4505	0.1544	0.4888	0.3189	0.1412	3.2750	9.7624	7.7193	3.7251	0.1634	0
18.267	-2.6508	-0.4584	0.1542	0.5076	0.3120	0.1571	9.8540	10.4544	8.5870	6.5464	0.2220	0
18.333	-2.9286	-0.4095	0.1455	0.5123	0.3200	0.0772	0.4943	10.5467	8.5222	4.4234	0.2304	0
18.400	-1.7365	-0.4332	0.1417	0.5094	0.2935	0.1662	1.5471	10.5378	8.1368	5.5246	0.2321	0
18.467	-0.8551	-0.4096	0.1479	0.5134	0.2586	0.1498	2.2275	10.5583	8.1505	4.6074	0.2600	2
18.533	1.6378	-0.4057	0.1536	0.4915	0.2582	0.1860	10.4327	10.9374	8.7296	5.1756	0.2644	0
18.600	-0.7053	-0.3994	0.1439	0.4960	0.2240	0.2098	0.0196	9.4446	6.9598	2.5892	0.1468	0
18.667	-2.7428	-0.3854	0.1500	0.4834	0.2255	0.1529	2.3308	10.3203	7.2405	4.3405	0.2006	0
18.733	-0.0336	-0.4388	0.1503	0.4674	0.2441	0.1895	1.6472	10.4473	8.1646	7.0843	0.2286	0
18.800	0.0980	-0.3856	0.1434	0.4717	0.2606	0.2436	1.8311	10.4598	8.1651	5.6269	0.2190	0
18.867	3.0021	-0.4097	0.1439	0.4598	0.2568	0.1583	0.4995	10.3975	7.5770	4.8387	0.2205	0
18.933	1.6352	-0.4037	0.1462	0.4531	0.2855	0.1922	2.0591	10.3921	7.7430	4.5307	0.2100	0
19.000	-0.8385	-0.4374	0.1452	0.4407	0.2870	0.1346	1.2258	11.0883	10.1726	6.6668	0.2965	1
19.067	-2.8142	-0.4107	0.1520	0.4266	0.2881	0.1279	0.0542	9.6317	6.0815	2.7370	0.1846	0
19.133	-0.6355	-0.3895	0.1409	0.4458	0.2800	0.2537	2.2896	9.0781	6.7968	3.7645	0.1124	0
19.200	0.4280	-0.4307	0.1459	0.4273	0.2872	0.1892	1.2411	9.7832	7.6439	4.0081	0.1563	0
19.267	1.2874	-0.4161	0.1564	0.4176	0.3229	0.2652	8.9625	9.9966	8.4879	6.8731	0.1882	0
19.333	0.3088	-0.4175	0.1587	0.4198	0.3533	0.2824	0.4218	10.1012	8.2208	5.2075	0.1924	0
19.400	-1.8736	-0.4132	0.1562	0.4114	0.3707	0.1659	0.7839	10.1929	7.9642	5.7192	0.1943	0
19.467	-0.2093	-0.4299	0.1487	0.4170	0.3795	0.2044	1.2299	10.1098	8.1825	4.8567	0.2340	16
19.533	0.9346	-0.4297	0.1463	0.4172	0.3969	0.1561	10.2254	11.1758	8.8044	5.5319	0.2913	0
19.600	-0.4401	-0.4111	0.1543	0.4080	0.4281	0.1265	0.0241	8.9647	6.8138	3.7313	0.1199	0
19.667	0.7262	-0.4121	0.1520	0.4105	0.4427	0.1333	1.5855	9.6599	7.7330	3.5693	0.1480	0
19.733	-1.0298	-0.4470	0.1502	0.3910	0.4760	0.1485	2.0590	10.0076	7.8262	6.8363	0.1821	0
19.800	-2.3896	-0.4327	0.1513	0.3619	0.4972	0.1777	2.3558	10.3178	8.2726	4.4305	0.2096	0
19.867	-1.5644	-0.3864	0.1643	0.3897	0.5119	0.1983	1.1371	10.3093	8.4042	5.5255	0.2073	0
19.933	-0.9456	-0.4122	0.1655	0.4018	0.5061	0.1074	1.1753	10.3953	8.2513	4.7924	0.2149	0
20.000	-0.3406	-0.4087	0.1642	0.4053	0.5065	0.2583	2.0756	11.1247	10.0687	6.7157	0.3072	1
20.067	1.5138	-0.4367	0.1715	0.4461	0.5381	0.3547	0.0877	9.7032	6.3238	2.0257	0.1918	0
20.133	-1.1158	-0.3893	0.1611	0.4237	0.5467	0.1583	3.4592	9.7470	7.0710	3.5057	0.1515	0
20.200	-1.3772	-0.3710	0.1653	0.4670	0.5345	0.2750	2.5444	10.3968	7.9927	4.5909	0.2092	0
20.267	-1.0118	-0.4319	0.1703	0.4576	0.4967	0.1505	7.8270	10.5879	8.2174	6.7987	0.2358	0
20.333	-0.4014	-0.4134	0.1653	0.4533	0.4913	0.1733	0.6950	10.6043	8.0534	5.6266	0.2377	0
20.400	-0.5448	-0.3552	0.1656	0.4719	0.5027	0.2659	0.9132	10.5509	7.8351	5.4778	0.2339	0
20.467	-1.0734	-0.4136	0.1564	0.4779	0.4927	0.1152	1.9210	10.5986	8.1025	5.0759	0.2593	2
20.533	-0.6430	-0.4129	0.1523	0.4592	0.4532	0.2341	11.3269	11.0083	8.9651	5.6079	0.2728	0
20.600	-1.3395	-0.4262	0.1529	0.4711	0.3637	0.3676	0.0274	9.3644	6.4214	2.7605	0.1415	0
20.667	-0.8183	-0.4045	0.1566	0.4656	0.3537	0.1892	3.3480	10.1703	7.5720	4.0469	0.1848	0
20.733	1.2671	-0.3951	0.1627	0.4528	0.2870	0.3740	0.7993	10.5648	8.1817	6.7361	0.2292	0
20.800	1.3561	-0.4418	0.1566	0.4391	0.2912	0.2485	2.4974	10.6148	8.6027	6.0076	0.2414	0
20.867	-0.5052	-0.4245	0.1493	0.4266	0.2956	0.2355	1.0310	10.5152	8.5660	5.9470	0.2373	0
20.933	-0.7697	-0.4006	0.1468	0.4277	0.3285	0.2792	0.9332	10.5607	8.4204	4.2592	0.2373	0
21.000	0.0865	-0.4324	0.1461	0.4176	0.3363	0.1909	1.2698	11.0483	10.0046	6.7344	0.3080	1
21.067	1.0827	-0.4500	0.1433	0.4027	0.3749	0.2475	0.1148	9.9355	6.5580	1.6243	0.2041	0
21.133	0.9858	-0.4293	0.1375	0.4022	0.3869	0.1637	4.2229	9.2011	7.4006	3.6374	0.1115	0
21.200	-0.1455	-0.4158	0.1401	0.3739	0.4021	0.1789	1.0591	8.7930	8.3346	4.4762	0.1209	0
21.267	-1.8909	-0.4418	0.1464	0.3997	0.4032	0.3255	6.9870	9.4751	8.7916	6.6336	0.1587	0
21.333	0.0078	-0.4402	0.1418	0.3854	0.4124	0.1561	0.3567	9.5392	8.7022	6.4292	0.1636	0
21.400	-1.2988	-0.4432	0.1326	0.3822	0.4230	0.2838	0.6026	9.9505	8.4763	4.8234	0.1809	0
21.467	0.1486	-0.4372	0.1438	0.3944	0.4592	0.4299	2.0882	9.9363	8.6215	5.5702	0.2189	4
21.533	0.2209	-0.3535	0.1379	0.3834	0.4587	0.2064	9.9177	11.1574	9.0569	5.8220	0.2891	0
21.600	-0.1467	-0.3512	0.1318	0.3886	0.4993	0.3002	0.0329	8.2037	6.4586	4.3185	0.1038	0
21.667	-1.0776	-0.3437	0.1402	0.3823	0.5087	0.1625	0.5739	8.6977	7.4909	3.9189	0.1134	0
21.733	-1.5692	-0.4493	0.1474	0.3748	0.4997	0.1951	1.1974	9.0098	8.6208	6.4418	0.1553	0
21.800	1.8296	-0.4016	0.1384	0.4125	0.4838	0.2718	3.2212	9.4271	8.5698	6.0866	0.1621	0
21.867	1.7358	-0.4680	0.1420	0.4185	0.5023	0.2054	0.6724	9.6973	8.5493	5.0311	0.1630	0
21.933	0.0971	-0.4181	0.1402	0.4064	0.5142	0.1804	1.6765	9.8062	8.1164	5.2926	0.1638	0
22.000	-1.2684	-0.4496	0.1508	0.4504	0.5116	0.2951	0.6986	10.9878	9.9402	6.4742	0.2890	1
22.067	-0.8645	-0.3346	0.1455	0.4322	0.5459	0.2642	0.1480	10.1984	6.3203	1.7252	0.2072	0
22.133	-0.5828	-0.3814	0.1493	0.4447	0.5403	0.2145	2.5409	9.4259	7.2915	4.0903	0.1324	0
22.200	-1.0868	-0.4032	0.1688	0.5189	0.4978	0.4725	1.1684	10.1348	8.4498	3.5984	0.1883	0
22.267	1.3682	-0.2811	0.1635	0.4572	0.4753	0.4547	7.3619	10.1883	9.3604	6.7718	0.2195	0
22.333	1.6205	-0.5207	0.1631	0.5221	0.4476	0.4463	0.6881	10.2247	9.3128	5.7172	0.2277	0
22.400	-1.2430	0.0385	0.1371	0.5352	0.4096	0.2627	1.0922	10.4374	8.7207	5.8517	0.2255	0
22.467	-0.3499	-0.2701	0.1297	0.4980	0.4038	0.3294	1.7036	10.5186	9.4809	6.9886	0.2818	2
22.533	-0.1694	-0.3008	0.1322	0.5510	0.4067	0.3966	9.9357	11.1931	9.0495	5.8715	0.2849	0
22.600	-0.8231	-0.4783	0.1346	0.5195	0.4287	0.2488	0.0288	8.4421	6.9417	3.7554	0.1082	0
22.667	1.5414	-0.3868	0.1485	0.5017	0.4245	0.1738	1.7840	8.8250	7.8594	3.7856	0.1152	0
22.733	-0.5387	-0.4038	0.1432	0.5255	0.3876	0.3059	2.2101	9.9491	8.7840	6.3076	0.1881	0
22.800	-0.7601	-0.3621	0.1424	0.5133	0.3994	0.2248	3.4434	10.4036	8.6690	5.3846	0.2216	0
22.867	-0.6683	-0.3480	0.1317	0.4969	0.3705	0.2228	0.7892	10.4336	8.8595	5.2076	0.2286	0
22.933	-1.2277	-0.2861	0.1349	0.5026	0.3632	0.3799	1.4599	10.6199	8.5990	5.5486	0.2377	0
23.000	0.5356	-0.4484	0.1353	0.4769	0.3261	0.2980	4.5026	11.3391	9.5984	6.0829	0.2975	1
23.067	0.7769	-0.1488	0.1208	0.4603	0.3331	0.3907	0.1372	10.1118	6.6798	2.3202	0.2120	0
23.133	-0.1948	-0.4251	0.1381	0.4268	0.3670	0.2848	3.3301	9.9134	7.7577	4.0697	0.1609	0
23.200	-0.7455	-0.4397	0.1509	0.4318	0.3846	0.2228	1.6867	10.4898	8.4791	4.0391	0.2235	0
23.267	2.9880	-0.4331	0.1512	0.3999	0.4284	0.2044	5.5146	10.5406	9.1449	7.0413	0.2469	0
23.333	-0.0828	-0.3428	0.1469	0.3936	0.4226	0.1699	0.3374	10.4650	9.1184	4.8329	0.2393	0
23.400	1.9610	-3.2557	0.1591	0.4009	0.4373	0.4490	0.9913	10.3541	8.9421	6.1857	0.2284	0
23.467	2.4348	-0.4647	0.1598	0.4046	0.4521	0.1848	1.8087	10.2649	9.7354	7.1389	0.2815	8
23.533	-0.8501	-1.8389	0.1636	0.3761	0.4719	0.1929	9.8409	11.1430	9.0512	6.3548	0.2744	0
23.600	-0.0440	-0.1973	0.1588	0.4086	0.4725	0.4571	0.0313	9.0830	7.7550	4.2781	0.1372	0
23.667	-0.1918	-0.4917	0.1505	0.3613	0.5045	0.1865	1.5596	10.0745	8.3355	3.2480	0.1888	0
23.733	-0.1026	-0.3120	0.1460	0.3582	0.5639	0.4441	2.0456	10.4173	8.6856	6.1770	0.2265	0
23.800	0.0086	-0.4629	0.1539	0.3535	0.6008	0.2326	3.3444	10.3132	8.6887	4.2964	0.2131	0
23.867	-0.2627	-0.4553	0.1639	0.3608	0.5654	0.3419	0.7997	10.3267	8.5225	6.2522	0.2055	0
23.933	-0.2840	-0.3000	0.1599	0.3768	0.6106	0.2397	1.5471	10.1661	8.2030	5.5896	0.1882	0
24.000	-0.2140	-0.3721	0.1619	0.3698	0.6254	0.1775	3.9883	11.3239	9.6242	6.1760	0.2840	1
24.067	0.5934	3.0457	0.1693	0.4282	0.5617	0.3566	0.1768	10.0636	6.5708	2.2758	0.2057	0
24.133	1.8996	-4.1888	0.1944	0.3979	0.6272	0.2564	3.8124	8.2850	7.6024	3.5653	0.0887	0
24.200	1.7358	-0.2385	0.1708	0.3786	0.6960	0.2581	2.0753	8.9385	8.5226	4.2929	0.1222	0
24.267	-0.5207	3.9201	0.1982	0.4461	0.5699	0.4463	4.8015	8.8602	9.2027	6.9859	0.1450	0
24.333	-0.8000	-0.3559	0.1951	0.4101	0.6516	0.3074	0.4565	9.1658	8.7512	4.8363	0.1473	0
24.400	-2.5694	-0.4751	0.1785	0.4505	0.5921	0.2806	0.8467	9.7965	8.7824	5.8305	0.1816	0
24.467	-0.7351	-0.4109	0.1861	0.4676	0.6428	0.2784	1.3952	10.2096	9.4379	7.0553	0.2720	2
24.533	1.5959	-0.0404	0.1744	0.4780	0.6284	0.1985	3.6812	10.6270	7.5589	2.9667	0.2545	0
24.600	-0.6431	-0.4755	0.1699	0.4203	0.7087	0.3407	0.0409	9.0598	6.9803	4.0291	0.1432	0
24.667	-0.8320	-0.3676	0.1727	0.4998	0.5824	0.5289	2.3169	9.8165	8.0212	5.1088	0.1679	0
24.733	-0.4794	0.1881	0.1608	0.4580	0.6257	0.2436	1.8618	10.1586	8.4321	6.0844	0.1992	0
24.800	-0.3470	2.2872	0.1603	0.4558	0.6214	0.1865	3.8905	10.2226	8.3220	4.5571	0.2007	0
24.867	-0.3091	2.7650	0.1735	0.4985	0.4846	0.4409	0.6613	9.8201	8.2047	5.3879	0.1725	0
24.933	1.4604	-0.2125	0.1778	0.4216	0.4747	0.3365	1.1123	9.3843	8.6840	5.6852	0.1482	0
25.000	-0.6361	-0.3730	0.1596	0.4231	0.4308	0.2495	3.4881	11.4894	9.8193	6.3427	0.2997	1
25.067	-0.4599	-0.3141	0.1527	0.4401	0.3435	0.4275	0.0831	8.9033	6.4958	3.4576	0.1484	0
25.133	-0.5875	-0.4133	0.1545	0.4397	0.3343	0.2696	3.2103	8.2356	7.9310	4.8615	0.0924	0
25.200	-0.4943	-4.1888	0.1608	0.4470	0.3498	0.2627	2.0926	9.0076	8.9249	4.4896	0.1420	0
25.267	0.3739	-4.1888	0.1587	0.4352	0.3954	0.2745	5.1236	9.8347	9.3852	7.1195	0.1953	0
25.333	-0.0588	-0.1518	0.1633	0.4434	0.4020	0.2787	0.4328	10.1477	9.1612	4.8455	0.2069	0
25.400	-0.2813	-0.4467	0.1759	0.3579	0.4781	0.3189	0.9525	10.1544	8.6328	4.5262	0.2018	0
25.467	0.1698	-0.2919	0.1552	0.3349	0.4826	0.2875	1.7924	10.2481	9.1409	6.6445	0.2725	4
25.533	-0.4459	-0.1352	0.1652	0.4076	0.4371	0.3929	4.4105	10.7265	7.8454	3.9145	0.2642	0
25.600	3.6575	-3.6155	0.1734	0.4040	0.4249	0.3586	0.0382	8.7564	6.7948	4.1508	0.1288	0
25.667	0.7963	-0.4195	0.1397	0.4100	0.4625	0.1897	2.3320	8.8358	7.4779	5.2520	0.1086	0
25.733	-0.2842	-1.3896	0.1782	0.4247	0.4259	0.4632	1.1469	8.8550	8.5143	5.9631	0.1344	0
25.800	-2.2402	4.1888	0.1908	0.3562	0.5200	0.4493	4.0943	9.0945	9.2260	4.7314	0.1579	0
25.867	0.5981	-0.3126	0.1691	0.2957	0.5635	0.2360	0.6271	9.1400	8.8901	4.7503	0.1492	0
25.933	-0.0687	1.3872	0.2050	0.4499	0.4358	0.7738	1.7734	8.9802	8.9053	6.2794	0.1380	0
26.000	1.2074	-0.3825	0.1686	0.3724	0.5009	0.4473	2.2716	11.4230	9.7316	6.2873	0.2908	1
26.067	0.1923	-0.2107	0.1307	0.3483	0.5208	0.1863	0.0825	9.2558	5.8475	3.4342	0.1515	0
26.133	-1.4585	-0.1653	0.1712	0.4118	0.4829	0.4569	3.8402	7.5569	7.1667	4.6523	0.0708	0
26.200	0.6184	-3.1962	0.1868	0.3088	0.5507	0.5262	1.0553	9.3303	8.2954	4.6096	0.1427	0
26.267	-0.3233	-0.3004	0.1502	0.3634	0.4812	0.3453	3.7373	10.4538	8.7430	7.1087	0.2240	0
26.333	0.5880	-0.4901	0.1593	0.4072	0.5159	0.2804	0.3326	10.6223	8.7953	4.5378	0.2455	0
26.400	1.6417	-4.1888	0.1623	0.3952	0.5219	0.2137	1.4626	10.5920	8.4030	5.1662	0.2381	0
26.467	0.2404	-0.4739	0.1601	0.4497	0.5875	0.6125	0.4954	10.4628	9.2245	6.7125	0.2799	2
26.533	-0.5206	-1.2745	0.1580	0.4645	0.4841	0.4534	4.8422	10.6515	7.8372	3.3938	0.2553	0
26.600	0.6935	1.7705	0.1732	0.4023	0.5635	0.4326	0.1045	9.2279	7.0503	3.7967	0.1222	0
26.667	-0.2471	-0.4491	0.1530	0.3948	0.4977	0.2926	2.3161	9.5940	7.7921	5.3505	0.1522	0
26.733	-0.7715	-0.1746	0.1570	0.4114	0.4574	0.2142	1.5820	10.0263	8.8282	6.0514	0.1924	0
26.800	1.7495	0.1168	0.1550	0.4454	0.5644	0.4002	4.6982	10.2368	8.9327	5.0785	0.2167	0
26.867	-0.5351	-0.4640	0.1523	0.4520	0.5776	0.2074	0.8839	10.0657	9.0225	4.7180	0.2011	0
26.933	-0.5664	-0.6252	0.1459	0.4237	0.5107	0.3441	0.8178	9.9727	8.9773	5.8042	0.1986	0
27.000	1.7198	-3.7983	0.1493	0.4421	0.3693	0.5265	1.7372	11.4882	9.7825	6.3545	0.3038	0
27.067	-0.3858	-0.5228	0.1515	0.4099	0.4176	0.2775	0.1236	9.3041	6.4505	3.4854	0.1599	0
27.133	1.3477	-0.4954	0.1368	0.4034	0.4054	0.1975	3.4304	9.5177	7.4567	4.6268	0.1375	0
27.200	-0.5255	-0.4011	0.1662	0.4859	0.3068	0.5250	1.3940	9.9026	7.6354	4.6948	0.1654	0
27.267	-0.6136	-0.5299	0.1705	0.3991	0.3480	0.4135	3.9691	10.0773	8.7906	7.1511	0.1985	0
27.333	0.0598	-0.4744	0.1431	0.4209	0.3391	0.2152	0.4693	10.0327	8.7213	4.9709	0.1906	0
27.400	0.1031	4.1888	0.1775	0.4074	0.3407	0.1181	1.0092	10.0597	9.0790	4.6915	0.2036	0
27.467	0.1211	-0.3987	0.1631	0.3259	0.3761	0.3400	0.9320	10.0807	9.0803	6.3178	0.2644	0
27.533	0.4368	-0.4992	0.1328	0.3239	0.4175	0.2647	5.3385	10.7935	8.0781	4.2179	0.2710	0
27.600	-0.3511	-2.2089	0.1679	0.3793	0.3608	0.3355	0.1609	8.9437	6.7743	4.9276	0.1062	0
27.667	-0.2671	-0.7209	0.1739	0.3591	0.3665	0.2787	1.2641	9.7770	8.3461	5.7105	0.1657	0
27.733	-0.1089	-0.3507	0.1289	0.3643	0.4121	0.2387	2.3998	10.0606	9.0122	5.9070	0.2022	0
27.800	0.0684	-0.1871	0.1447	0.4297	0.3560	0.3471	4.5293	10.3495	9.0229	5.1630	0.2256	0
27.867	0.5261	-0.4021	0.1453	0.3625	0.3747	0.3686	0.4393	10.3801	8.7794	4.9006	0.2205	0
27.933	0.0720	-0.4060	0.1540	0.3466	0.4049	0.2243	1.0541	10.4510	8.5910	5.0310	0.2259	0
28.000	0.0654	-3.1639	0.1715	0.3684	0.4265	0.2718	1.5906	11.2724	9.7454	6.6222	0.2928	0
28.067	0.1307	-2.4695	0.1634	0.3305	0.4392	0.2613	0.0405	9.0657	6.1707	4.4200	0.1610	0
28.133	-0.3110	-3.8599	0.1642	0.3471	0.3908	0.1828	3.2320	9.9922	6.9578	5.0755	0.1749	0
28.200	-1.2507	-0.0042	0.1522	0.3366	0.4240	0.2181	1.1860	10.3131	7.9623	5.1203	0.2047	0
28.267	-0.5226	0.5282	0.1579	0.3097	0.4758	0.4115	3.0758	10.5330	8.7493	7.4319	0.2293	0
28.333	0.9841	-0.2546	0.1497	0.2665	0.5129	0.2750	0.3114	10.4086	8.8650	5.2144	0.2262	0
28.400	0.0700	-3.6044	0.1643	0.2945	0.4968	0.4032	0.8281	10.4190	8.6254	4.6686	0.2192	0
28.467	0.0022	-1.3439	0.1842	0.3451	0.4598	0.2804	1.0476	10.3250	8.9722	6.1349	0.2718	0
28.533	0.2775	-4.1888	0.1793	0.3436	0.4088	0.2620	5.8366	10.6990	8.0478	3.8631	0.2618	0
28.600	-0.0177	-0.5114	0.1513	0.3289	0.4304	0.1176	0.1880	9.4102	7.7157	4.7784	0.1358	0
28.667	-0.0481	0.7595	0.1590	0.3256	0.4233	0.2578	1.5446	10.1305	8.4023	5.4919	0.1973	0
28.733	-0.4690	-0.4550	0.1689	0.2902	0.4635	0.2314	2.0287	10.4401	8.8347	6.0165	0.2293	0
28.800	-0.0913	-0.5596	0.1702	0.2669	0.4670	0.1975	5.0530	10.4205	8.9837	5.6947	0.2320	0
28.867	-0.6165	-1.2330	0.1905	0.3545	0.4808	0.3684	0.4525	10.3902	8.7105	4.6110	0.2186	0
28.933	-0.2583	-2.8999	0.2131	0.2427	0.5630	0.3863	0.6968	10.3819	8.3967	4.9445	0.2129	0
29.000	-0.0978	-1.6162	0.1439	0.2662	0.5415	0.1995	1.1577	11.2575	9.8270	6.5641	0.2952	0
29.067	-0.3177	0.3140	0.1711	0.3325	0.4664	0.3179	0.0758	9.1923	6.3728	4.0192	0.1647	0
29.133	-0.5382	-1.4246	0.1659	0.2479	0.4988	0.3593	3.5782	8.5784	8.2093	4.4625	0.1074	0
29.200	-0.1927	-0.7715	0.1398	0.2335	0.5214	0.1225	1.5209	9.1005	8.2888	5.5868	0.1315	0
29.267	-0.2860	-0.5009	0.1361	0.2933	0.4900	0.2409	2.9225	9.5036	8.6950	7.4151	0.1559	0
29.333	-0.2554	-1.4574	0.1488	0.2742	0.4623	0.2233	0.4274	9.8825	8.6484	5.5189	0.1827	0
29.400	0.5700	-0.4046	0.1430	0.3162	0.4359	0.1054	0.6707	9.8807	8.4975	5.0585	0.1775	0
29.467	-0.1340	-1.3903	0.1409	0.3169	0.4664	0.1897	0.7766	9.8820	8.7898	5.7372	0.2448	0
29.533	-0.5158	-0.2539	0.1298	0.2916	0.4700	0.2044	6.1075	10.8794	8.2926	4.4986	0.2797	0
29.600	-0.1258	-0.6151	0.1315	0.2614	0.4872	0.1777	0.1330	8.3623	7.1604	4.4600	0.0950	0
29.667	0.2259	-0.1811	0.1365	0.3288	0.4405	0.2468	1.0675	8.7150	8.0451	5.2912	0.1100	0
29.733	0.0927	-0.5680	0.1058	0.3196	0.4328	0.0963	2.0889	9.4048	8.8007	7.3204	0.1556	0
29.800	0.1356	-0.6518	0.1204	0.3204	0.4612	0.1811	5.0459	9.9933	8.7317	5.8972	0.1889	0
29.867	-0.1380	-0.7490	0.1432	0.2881	0.4544	0.1176	0.4886	10.3892	8.6842	5.3302	0.2150	0
29.933	-0.2590	4.1888	0.1429	0.2759	0.4169	0.1081	0.6013	10.2736	8.3037	4.5012	0.2079	0
